Airline,Airline_ID,Origin_Airport,Origin_Air_ID,Dest_Airport,Dest_Air_ID,Codeshare,Stops,Equipment
3E,10739,ORD,3830,BRL,5726,,0,CNC
3E,10739,ORD,3830,DEC,4042,,0,CNC
4B,20565,LAX,3484,LAS,3877,,0,PL2
4M,3201,JFK,3797,EZE,3988,Y,0,777
4O,17885,JFK,3797,MEX,1824,,0,320
9E,3976,JFK,3797,MSY,3861,,0,CR9
AA,24,JFK,3797,AMM,2170,Y,0,340 330
AA,24,JFK,3797,ANU,2874,,0,738
AA,24,JFK,3797,AUH,2179,Y,0,777
AA,24,JFK,3797,AUS,3673,,0,738
AA,24,JFK,3797,BCN,1218,,0,763
AA,24,JFK,3797,BDA,4069,,0,738
AA,24,JFK,3797,BNA,3690,Y,0,ER4
AA,24,JFK,3797,BOS,3448,,0,738
AA,24,JFK,3797,BWI,3849,Y,0,ER4
AA,24,JFK,3797,CCS,2851,,0,757 738
AA,24,JFK,3797,CDG,1382,,0,763 757
AA,24,JFK,3797,CLE,3486,Y,0,ER4
AA,24,JFK,3797,CLT,3876,,0,321 319
AA,24,JFK,3797,CMH,3759,Y,0,ER4 CR7
AA,24,JFK,3797,CUN,1852,,0,738
AA,24,JFK,3797,CVG,3488,Y,0,ER4
AA,24,JFK,3797,DCA,3520,,0,738
AA,24,JFK,3797,DFW,3670,,0,738 757
AA,24,JFK,3797,DOH,11051,,0,777
AA,24,JFK,3797,DUB,599,,0,757
AA,24,JFK,3797,DUS,345,Y,0,330
AA,24,JFK,3797,EZE,3988,,0,777
AA,24,JFK,3797,FCO,1555,,0,763
AA,24,JFK,3797,GIG,2560,,0,763
AA,24,JFK,3797,GRU,2564,,0,773 77W 777
AA,24,JFK,3797,GYE,2673,Y,0,763
AA,24,JFK,3797,HEL,421,Y,0,330
AA,24,JFK,3797,HKG,3077,Y,0,773
AA,24,JFK,3797,IND,3585,Y,0,ER4
AA,24,JFK,3797,LAS,3877,,0,738
AA,24,JFK,3797,LAX,3484,,0,32B 762
AA,24,JFK,3797,LCY,503,,0,318
AA,24,JFK,3797,LHR,507,,0,777 77W
AA,24,JFK,3797,LIM,2789,Y,0,763
AA,24,JFK,3797,MAD,1229,,0,330 757 340
AA,24,JFK,3797,MAN,478,,0,757
AA,24,JFK,3797,MCO,3878,,0,763 757
AA,24,JFK,3797,MIA,3576,,0,757 763 738
AA,24,JFK,3797,MXP,1524,,0,763
AA,24,JFK,3797,NRT,2279,,0,787 773
AA,24,JFK,3797,ORD,3830,,0,738
AA,24,JFK,3797,ORF,3611,Y,0,ER4
AA,24,JFK,3797,ORY,1386,Y,0,757
AA,24,JFK,3797,PAP,1897,,0,763
AA,24,JFK,3797,PHX,3462,,0,321
AA,24,JFK,3797,PIT,3570,Y,0,ER4
AA,24,JFK,3797,RDU,3626,Y,0,ERD CR7
AA,24,JFK,3797,SAN,3731,,0,738
AA,24,JFK,3797,SCL,2650,Y,0,787
AA,24,JFK,3797,SEA,3577,,0,738
AA,24,JFK,3797,SFO,3469,,0,32B 763
AA,24,JFK,3797,SJO,1885,,0,738
AA,24,JFK,3797,SJU,2890,,0,757
AA,24,JFK,3797,STT,2883,,0,757
AA,24,JFK,3797,SXM,2899,,0,757
AA,24,JFK,3797,TPA,3646,Y,0,CR7
AA,24,JFK,3797,TXL,351,Y,0,330
AA,24,JFK,3797,YUL,146,Y,0,ERD
AA,24,JFK,3797,YYC,178,,0,737
AA,24,JFK,3797,YYZ,193,Y,0,CR7
AA,24,JFK,3797,ZRH,1678,,0,763
AA,24,LAX,3484,ABQ,4019,Y,0,CRJ CR7
AA,24,LAX,3484,ANC,3774,Y,0,737
AA,24,LAX,3484,AUS,3673,,0,M83 738
AA,24,LAX,3484,BDL,3825,,0,738
AA,24,LAX,3484,BNA,3690,,0,738
AA,24,LAX,3484,BNE,3320,Y,0,744
AA,24,LAX,3484,BOS,3448,,0,757 738
AA,24,LAX,3484,CLT,3876,,0,321
AA,24,LAX,3484,CMH,3759,,0,738
AA,24,LAX,3484,DCA,3520,,0,738
AA,24,LAX,3484,DEN,3751,Y,0,CR7
AA,24,LAX,3484,DFW,3670,,0,738 763 757 M83
AA,24,LAX,3484,DUS,345,Y,0,330
AA,24,LAX,3484,ELP,3559,Y,0,CRJ
AA,24,LAX,3484,EUG,4099,Y,0,CRJ
AA,24,LAX,3484,FAT,3687,Y,0,CRJ
AA,24,LAX,3484,GDL,1804,Y,0,737
AA,24,LAX,3484,GRU,2564,,0,777
AA,24,LAX,3484,HKG,3077,Y,0,773
AA,24,LAX,3484,HNL,3728,,0,757
AA,24,LAX,3484,IAD,3714,,0,738
AA,24,LAX,3484,IAH,3550,Y,0,CR7
AA,24,LAX,3484,IND,3585,,0,738
AA,24,LAX,3484,JFK,3797,,0,32B 762
AA,24,LAX,3484,KOA,3514,,0,757
AA,24,LAX,3484,LAS,3877,,0,738
AA,24,LAX,3484,LHR,507,,0,77W
AA,24,LAX,3484,LIH,3602,,0,757
AA,24,LAX,3484,LIM,2789,Y,0,763
AA,24,LAX,3484,MAD,1229,Y,0,340
AA,24,LAX,3484,MCO,3878,,0,757 738
AA,24,LAX,3484,MEL,3339,Y,0,380
AA,24,LAX,3484,MEX,1824,Y,0,737
AA,24,LAX,3484,MFR,4101,Y,0,DH4
AA,24,LAX,3484,MIA,3576,,0,757 777 763 738
AA,24,LAX,3484,MMH,7081,Y,0,DH4
AA,24,LAX,3484,MRY,3948,Y,0,CRJ
AA,24,LAX,3484,NAN,1960,Y,0,330
AA,24,LAX,3484,NRT,2279,,0,777 773
AA,24,LAX,3484,OGG,3456,,0,757
AA,24,LAX,3484,OKC,3863,Y,0,CR7
AA,24,LAX,3484,ORD,3830,,0,738
AA,24,LAX,3484,PBI,3722,,0,738
AA,24,LAX,3484,PDX,3720,Y,0,737
AA,24,LAX,3484,PHL,3752,,0,321 320
AA,24,LAX,3484,PHX,3462,,0,321 319 320
AA,24,LAX,3484,PIT,3570,,0,738
AA,24,LAX,3484,PPT,4075,Y,0,340
AA,24,LAX,3484,PVG,3406,,0,777
AA,24,LAX,3484,RDM,4103,Y,0,CRJ
AA,24,LAX,3484,RDU,3626,,0,738
AA,24,LAX,3484,RNO,3807,Y,0,CRJ
AA,24,LAX,3484,SAF,3784,Y,0,CRJ
AA,24,LAX,3484,SAN,3731,Y,0,CRJ CR7
AA,24,LAX,3484,SEA,3577,Y,0,737
AA,24,LAX,3484,SFO,3469,,0,738
AA,24,LAX,3484,SJC,3748,Y,0,CR7 CRJ
AA,24,LAX,3484,SJD,1840,,0,M83 738
AA,24,LAX,3484,SLC,3536,Y,0,CRJ CR7
AA,24,LAX,3484,SMF,3817,Y,0,CRJ
AA,24,LAX,3484,STL,3678,,0,M83
AA,24,LAX,3484,STS,6992,Y,0,DH4
AA,24,LAX,3484,SYD,3361,Y,0,380 744
AA,24,LAX,3484,TUS,3636,Y,0,CRJ
AA,24,LAX,3484,XNA,4356,Y,0,CR7
AA,24,LAX,3484,YEG,49,,0,737
AA,24,LAX,3484,YVR,156,,0,737
AA,24,LAX,3484,YYC,178,,0,737
AA,24,LAX,3484,YYZ,193,,0,738
AA,24,ORD,3830,ABQ,4019,Y,0,E75
AA,24,ORD,3830,ALO,5718,Y,0,ERD
AA,24,ORD,3830,AMM,2170,Y,0,340
AA,24,ORD,3830,ART,3838,Y,0,ERD
AA,24,ORD,3830,ATL,3682,Y,0,E75 CR7
AA,24,ORD,3830,AUH,2179,Y,0,777
AA,24,ORD,3830,AUS,3673,,0,M80 M83
AA,24,ORD,3830,AZO,4039,Y,0,ER4 ERD
AA,24,ORD,3830,BDL,3825,Y,0,ER4 E75
AA,24,ORD,3830,BMI,4037,Y,0,ER4 ERD
AA,24,ORD,3830,BNA,3690,Y,0,ER4 ERD CR7 E75
AA,24,ORD,3830,BOS,3448,,0,738
AA,24,ORD,3830,BUF,3820,Y,0,ER4 CR7 E75
AA,24,ORD,3830,BWI,3849,Y,0,E75 ER4 CR7
AA,24,ORD,3830,CDG,1382,,0,763
AA,24,ORD,3830,CHA,3578,Y,0,ER4 ERD
AA,24,ORD,3830,CHO,4015,Y,0,CRJ
AA,24,ORD,3830,CID,4043,Y,0,ER4
AA,24,ORD,3830,CLE,3486,Y,0,ER4 CR7 ERD
AA,24,ORD,3830,CLT,3876,,0,321 320 E90 319
AA,24,ORD,3830,CMH,3759,Y,0,ER4 CR7 ERD
AA,24,ORD,3830,CMI,4049,Y,0,ER4 ERD
AA,24,ORD,3830,COU,3719,Y,0,ER4 ERD
AA,24,ORD,3830,CUN,1852,,0,738
AA,24,ORD,3830,CVG,3488,Y,0,ER4
AA,24,ORD,3830,CWA,4045,Y,0,ERD ER4
AA,24,ORD,3830,DAY,3627,Y,0,ER4
AA,24,ORD,3830,DBQ,4388,Y,0,ERD ER4
AA,24,ORD,3830,DCA,3520,,0,738 M83 M80
AA,24,ORD,3830,DEN,3751,,0,M80 M83
AA,24,ORD,3830,DFW,3670,,0,M80 M83 738
AA,24,ORD,3830,DOH,11051,,0,777
AA,24,ORD,3830,DSM,3729,Y,0,ERD ER4 E75
AA,24,ORD,3830,DTW,3645,Y,0,ERD E75 ER4 CR7
AA,24,ORD,3830,DUB,599,,0,763
AA,24,ORD,3830,DUS,345,,0,763
AA,24,ORD,3830,ELP,3559,Y,0,E75
AA,24,ORD,3830,EVV,4018,Y,0,ER4 ERD
AA,24,ORD,3830,EWR,3494,Y,0,CR7 E75
AA,24,ORD,3830,FAR,4292,Y,0,ER4
AA,24,ORD,3830,FCO,1555,,0,763
AA,24,ORD,3830,FLL,3533,,0,738
AA,24,ORD,3830,FNT,4089,Y,0,ER4 ERD
AA,24,ORD,3830,FSD,4009,Y,0,ER4 ERD
AA,24,ORD,3830,FWA,4041,Y,0,ERD ER4
AA,24,ORD,3830,GRB,3653,Y,0,ER4
AA,24,ORD,3830,GRR,3685,Y,0,ER4 ERD
AA,24,ORD,3830,HKG,3077,Y,0,773
AA,24,ORD,3830,HPN,3589,Y,0,ERD
AA,24,ORD,3830,HSV,4113,Y,0,ER4
AA,24,ORD,3830,IAH,3550,Y,0,CR7
AA,24,ORD,3830,ICT,3457,Y,0,CRJ
AA,24,ORD,3830,IND,3585,Y,0,ER4 ERD E75 CR7
AA,24,ORD,3830,JAX,3712,Y,0,ER4 CR7
AA,24,ORD,3830,JFK,3797,,0,738
AA,24,ORD,3830,LAS,3877,,0,M83 738
AA,24,ORD,3830,LAX,3484,,0,738
AA,24,ORD,3830,LEX,4017,Y,0,ERD ER4
AA,24,ORD,3830,LGA,3697,,0,738
AA,24,ORD,3830,LHR,507,,0,763 777
AA,24,ORD,3830,LIT,3660,Y,0,ER4 CR7
AA,24,ORD,3830,LSE,4044,Y,0,ER4 ERD
AA,24,ORD,3830,MAD,1229,,0,330
AA,24,ORD,3830,MAN,478,,0,763
AA,24,ORD,3830,MBJ,1780,,0,738
AA,24,ORD,3830,MCI,3458,Y,0,ER4 CR7 E75 ERD
AA,24,ORD,3830,MCO,3878,,0,738 M83 M80
AA,24,ORD,3830,MDT,3542,Y,0,ERD CR7
AA,24,ORD,3830,MEM,3473,Y,0,CR7 ER4 ERD
AA,24,ORD,3830,MEX,1824,,0,738
AA,24,ORD,3830,MHK,4050,Y,0,ERD ER4
AA,24,ORD,3830,MIA,3576,,0,738 763
AA,24,ORD,3830,MKE,3717,Y,0,CRJ
AA,24,ORD,3830,MLI,4072,Y,0,ERD ER4
AA,24,ORD,3830,MQT,3675,Y,0,ER4
AA,24,ORD,3830,MSN,3459,Y,0,ER4 ERD
AA,24,ORD,3830,MSP,3858,Y,0,E75 CR7
AA,24,ORD,3830,MSY,3861,Y,0,E75
AA,24,ORD,3830,NRT,2279,,0,773 777
AA,24,ORD,3830,OKC,3863,Y,0,ER4 CR7
AA,24,ORD,3830,OMA,3454,Y,0,E75 ER4 CR7
AA,24,ORD,3830,PBI,3722,,0,M83 738 M80
AA,24,ORD,3830,PDX,3720,,0,738
AA,24,ORD,3830,PEK,3364,,0,777
AA,24,ORD,3830,PHL,3752,,0,320 321 319 E90
AA,24,ORD,3830,PHX,3462,,0,321 738 M83 320 M80
AA,24,ORD,3830,PIA,4046,Y,0,ER4 ERD
AA,24,ORD,3830,PIT,3570,Y,0,E75 CR7 ER4
AA,24,ORD,3830,PSP,3839,,0,M83
AA,24,ORD,3830,PVG,3406,,0,777
AA,24,ORD,3830,PVR,1836,,0,M83
AA,24,ORD,3830,RDU,3626,,0,738 M80 M83
AA,24,ORD,3830,RIC,3608,Y,0,ERD
AA,24,ORD,3830,RNO,3807,,0,738
AA,24,ORD,3830,ROC,3622,Y,0,ERD ER4
AA,24,ORD,3830,RST,4048,Y,0,ERD ER4
AA,24,ORD,3830,RSW,3793,,0,M80 738
AA,24,ORD,3830,SAN,3731,,0,738
AA,24,ORD,3830,SAT,3621,Y,0,CR7 E75
AA,24,ORD,3830,SDF,4014,Y,0,ERD ER4 E75
AA,24,ORD,3830,SEA,3577,,0,738
AA,24,ORD,3830,SFO,3469,,0,738
AA,24,ORD,3830,SGF,4348,Y,0,ERD ER4
AA,24,ORD,3830,SJC,3748,,0,738
AA,24,ORD,3830,SJD,1840,,0,M83 738
AA,24,ORD,3830,SJU,2890,,0,738
AA,24,ORD,3830,SLC,3536,Y,0,E75 CR7
AA,24,ORD,3830,SNA,3867,,0,738
AA,24,ORD,3830,STL,3678,,0,M80 M83 738
AA,24,ORD,3830,SUX,3753,Y,0,ER4 ERD
AA,24,ORD,3830,SYR,3745,Y,0,CR7 ER4
AA,24,ORD,3830,TOL,4040,Y,0,ERD ER4
AA,24,ORD,3830,TPA,3646,,0,M83 738 M80
AA,24,ORD,3830,TUL,3855,,0,738
AA,24,ORD,3830,TUS,3636,,0,M83 M80
AA,24,ORD,3830,TVC,4023,Y,0,ERD ER4
AA,24,ORD,3830,TXL,351,Y,0,330
AA,24,ORD,3830,TYS,3676,Y,0,ERD ER4
AA,24,ORD,3830,XNA,4356,Y,0,ER4 CR7 ERD
AA,24,ORD,3830,YKF,79,Y,0,ER4 ERD
AA,24,ORD,3830,YUL,146,Y,0,CRJ
AA,24,ORD,3830,YVR,156,,0,737
AA,24,ORD,3830,YYC,178,,0,737
AA,24,ORD,3830,YYZ,193,Y,0,CR7 E75 ER4
AB,214,JFK,3797,DUS,345,,0,332
AB,214,JFK,3797,TXL,351,,0,332
AB,214,LAX,3484,DUS,345,,0,332
AB,214,ORD,3830,DUS,345,Y,0,763
AB,214,ORD,3830,TXL,351,,0,332
AC,330,JFK,3797,YYZ,193,Y,0,CRA
AC,330,LAX,3484,YLW,87,Y,0,CR7
AC,330,LAX,3484,YUL,146,,0,319
AC,330,LAX,3484,YVR,156,,0,319
AC,330,LAX,3484,YYC,178,,0,319
AC,330,LAX,3484,YYZ,193,,0,320 321
AC,330,ORD,3830,MSY,3861,Y,0,320 CR7 ERJ 319
AC,330,ORD,3830,YEG,49,Y,0,E70 CR7
AC,330,ORD,3830,YHZ,73,Y,0,ERJ
AC,330,ORD,3830,YOW,100,Y,0,ERJ E70
AC,330,ORD,3830,YQB,111,Y,0,ERJ
AC,330,ORD,3830,YQR,120,Y,0,CRJ
AC,330,ORD,3830,YUL,146,,0,E75
AC,330,ORD,3830,YVR,156,Y,0,319 320 739 737 738
AC,330,ORD,3830,YWG,160,Y,0,ERJ CRJ
AC,330,ORD,3830,YXU,174,Y,0,CRJ
AC,330,ORD,3830,YYC,178,Y,0,CR7 737
AC,330,ORD,3830,YYZ,193,,0,E75
AF,137,JFK,3797,ATL,3682,Y,0,319 738 752
AF,137,JFK,3797,BCN,1218,Y,0,333
AF,137,JFK,3797,BRU,302,,0,76W
AF,137,JFK,3797,CDG,1382,,0,332 772 388 343
AF,137,JFK,3797,DUB,599,Y,0,752
AF,137,JFK,3797,FRA,340,Y,0,76W
AF,137,JFK,3797,LHR,507,Y,0,764 76W
AF,137,JFK,3797,MAD,1229,Y,0,764
AF,137,JFK,3797,MSY,3861,Y,0,CR9
AF,137,JFK,3797,NCE,1354,Y,0,764
AF,137,JFK,3797,PAP,1897,Y,0,738
AF,137,LAX,3484,ATL,3682,Y,0,763 757 76W
AF,137,LAX,3484,CDG,1382,,0,388 772
AF,137,LAX,3484,MSP,3858,Y,0,757
AF,137,LAX,3484,OGG,3456,Y,0,757
AF,137,LAX,3484,PPT,4075,,0,772
AF,137,ORD,3830,ATL,3682,Y,0,717 M88
AF,137,ORD,3830,CDG,1382,,0,332
AI,218,JFK,3797,DEL,3093,,0,77W
AI,218,JFK,3797,LHR,507,Y,0,772
AI,218,LAX,3484,NRT,2279,Y,0,388
AI,218,ORD,3830,DEL,3093,,0,77W
AM,321,JFK,3797,ATL,3682,Y,0,752 319 757 738
AM,321,JFK,3797,CUN,1852,,0,738
AM,321,JFK,3797,MEX,1824,,0,738 787
AM,321,LAX,3484,CUN,1852,,0,738
AM,321,LAX,3484,GDL,1804,,0,738
AM,321,LAX,3484,HMO,1807,Y,0,ERJ
AM,321,LAX,3484,MEX,1824,,0,737
AM,321,LAX,3484,MZT,1826,Y,0,739
AM,321,LAX,3484,PVR,1836,Y,0,739 320 73H
AM,321,LAX,3484,SJD,1840,Y,0,73J 734
AM,321,LAX,3484,ZIH,1856,Y,0,739
AM,321,LAX,3484,ZLO,1858,Y,0,73H
AM,321,ORD,3830,GDL,1804,,0,737
AM,321,ORD,3830,MEX,1824,,0,737
AR,412,JFK,3797,EZE,3988,,0,330
AS,439,JFK,3797,LAX,3484,Y,0,321 762
AS,439,JFK,3797,SAN,3731,Y,0,757 73H
AS,439,JFK,3797,SEA,3577,Y,0,738
AS,439,JFK,3797,SFO,3469,Y,0,321 763
AS,439,LAX,3484,ABQ,4019,Y,0,CRJ CR7
AS,439,LAX,3484,ANC,3774,,0,73G 739
AS,439,LAX,3484,ATL,3682,Y,0,763 757 73H 76W
AS,439,LAX,3484,AUS,3673,Y,0,M83 738
AS,439,LAX,3484,BDL,3825,Y,0,738
AS,439,LAX,3484,BNA,3690,Y,0,738
AS,439,LAX,3484,BOS,3448,Y,0,757 738
AS,439,LAX,3484,CMH,3759,Y,0,738
AS,439,LAX,3484,DCA,3520,,0,73H
AS,439,LAX,3484,DEN,3751,Y,0,CR7
AS,439,LAX,3484,DFW,3670,Y,0,738 763 757 M83
AS,439,LAX,3484,ELP,3559,Y,0,CRJ
AS,439,LAX,3484,FAT,3687,Y,0,CRJ
AS,439,LAX,3484,GDL,1804,,0,73H
AS,439,LAX,3484,HNL,3728,Y,0,757 753
AS,439,LAX,3484,IAH,3550,Y,0,CR7
AS,439,LAX,3484,IND,3585,Y,0,738
AS,439,LAX,3484,JFK,3797,Y,0,321 762
AS,439,LAX,3484,KOA,3514,Y,0,757
AS,439,LAX,3484,LIH,3602,Y,0,757
AS,439,LAX,3484,LTO,1817,Y,0,DH4
AS,439,LAX,3484,MCO,3878,Y,0,757 738
AS,439,LAX,3484,MEX,1824,,0,73H
AS,439,LAX,3484,MFR,4101,Y,0,DH4
AS,439,LAX,3484,MIA,3576,Y,0,757 777 763 738
AS,439,LAX,3484,MMH,7081,Y,0,DH4
AS,439,LAX,3484,MRY,3948,Y,0,CRJ
AS,439,LAX,3484,MSY,3861,Y,0,319
AS,439,LAX,3484,MZT,1826,,0,739
AS,439,LAX,3484,OGG,3456,Y,0,757
AS,439,LAX,3484,OKC,3863,Y,0,CR7
AS,439,LAX,3484,ORD,3830,Y,0,738
AS,439,LAX,3484,PDX,3720,,0,73J 73H 734 739 73G
AS,439,LAX,3484,PHX,3462,Y,0,CRJ
AS,439,LAX,3484,PIT,3570,Y,0,738
AS,439,LAX,3484,PVR,1836,,0,739 73H
AS,439,LAX,3484,RDU,3626,Y,0,738
AS,439,LAX,3484,RNO,3807,Y,0,CRJ
AS,439,LAX,3484,SAF,3784,Y,0,CRJ
AS,439,LAX,3484,SAN,3731,Y,0,CRJ CR7
AS,439,LAX,3484,SEA,3577,,0,73H 734 739 73J 73G
AS,439,LAX,3484,SFO,3469,Y,0,738
AS,439,LAX,3484,SJD,1840,,0,73J 734
AS,439,LAX,3484,SMF,3817,Y,0,CRJ
AS,439,LAX,3484,STL,3678,Y,0,M83
AS,439,LAX,3484,STS,6992,Y,0,DH4
AS,439,LAX,3484,TUS,3636,Y,0,CRJ
AS,439,LAX,3484,YVR,156,,0,734 739 73J
AS,439,LAX,3484,ZIH,1856,,0,739
AS,439,LAX,3484,ZLO,1858,,0,73H
AS,439,ORD,3830,ANC,3774,,0,73H
AS,439,ORD,3830,LAX,3484,Y,0,738
AS,439,ORD,3830,MSY,3861,Y,0,E75
AS,439,ORD,3830,PDX,3720,,0,73G
AS,439,ORD,3830,SAN,3731,Y,0,738
AS,439,ORD,3830,SEA,3577,,0,73H 739 73J
AS,439,ORD,3830,SFO,3469,Y,0,738
AT,4248,JFK,3797,CMN,1074,,0,763
AV,515,JFK,3797,BOG,2709,,0,319 330
AV,515,JFK,3797,MDE,2745,,0,319
AV,515,JFK,3797,SAL,1892,,0,320 321
AV,515,JFK,3797,SAP,1772,,0,320
AV,515,LAX,3484,GUA,1767,,0,320
AV,515,LAX,3484,SAL,1892,,0,320 321 319
AV,515,ORD,3830,SAL,1892,,0,319
AY,2350,JFK,3797,BCN,1218,,0,763
AY,2350,JFK,3797,CDG,1382,,0,763 757
AY,2350,JFK,3797,DUB,599,,0,757
AY,2350,JFK,3797,FCO,1555,Y,0,763
AY,2350,JFK,3797,HEL,421,,0,333
AY,2350,JFK,3797,LCY,503,,0,318
AY,2350,JFK,3797,LHR,507,,0,744 77W 777
AY,2350,JFK,3797,MAD,1229,,0,333 757 346
AY,2350,JFK,3797,MAN,478,Y,0,757
AY,2350,JFK,3797,MXP,1524,Y,0,763
AY,2350,JFK,3797,SJU,2890,,0,757
AY,2350,JFK,3797,YUL,146,Y,0,ERD
AY,2350,JFK,3797,YYZ,193,Y,0,CR7
AY,2350,LAX,3484,LHR,507,,0,744 388
AY,2350,LAX,3484,MAD,1229,,0,346 343
AY,2350,ORD,3830,CDG,1382,Y,0,763
AY,2350,ORD,3830,DUB,599,,0,763
AY,2350,ORD,3830,DUS,345,,0,763
AY,2350,ORD,3830,FCO,1555,,0,763
AY,2350,ORD,3830,LHR,507,,0,763 777 744
AY,2350,ORD,3830,MAD,1229,,0,333
AY,2350,ORD,3830,MAN,478,Y,0,763
AZ,596,JFK,3797,ATL,3682,Y,0,752 319 M88 738
AZ,596,JFK,3797,CDG,1382,Y,0,332 388 772 343
AZ,596,JFK,3797,FCO,1555,,0,772 330
AZ,596,JFK,3797,MEX,1824,Y,0,738
AZ,596,JFK,3797,MSY,3861,Y,0,CR9
AZ,596,JFK,3797,MXP,1524,,0,330
AZ,596,JFK,3797,VCE,1551,Y,0,764
AZ,596,JFK,3797,YUL,146,Y,0,ERJ
AZ,596,JFK,3797,YYZ,193,Y,0,CR7
AZ,596,LAX,3484,CDG,1382,Y,0,388 772
AZ,596,LAX,3484,FCO,1555,,0,772
AZ,596,ORD,3830,ATL,3682,Y,0,M88
AZ,596,ORD,3830,FCO,1555,,0,332 330
B6,3029,JFK,3797,ABQ,4019,,0,320
B6,3029,JFK,3797,AUA,2895,,0,320
B6,3029,JFK,3797,AUS,3673,,0,320
B6,3029,JFK,3797,AZS,5810,,0,320
B6,3029,JFK,3797,BDA,4069,,0,320
B6,3029,JFK,3797,BGI,2875,,0,321
B6,3029,JFK,3797,BOS,3448,,0,E90 320
B6,3029,JFK,3797,BQN,2885,,0,320
B6,3029,JFK,3797,BTV,3711,,0,E90
B6,3029,JFK,3797,BUF,3820,,0,E90 320
B6,3029,JFK,3797,BUR,3644,,0,320
B6,3029,JFK,3797,CHS,3806,,0,320
B6,3029,JFK,3797,CLT,3876,,0,E90
B6,3029,JFK,3797,CTG,2714,,0,320
B6,3029,JFK,3797,CUN,1852,,0,320
B6,3029,JFK,3797,DEN,3751,,0,320
B6,3029,JFK,3797,DXB,2188,,0,388
B6,3029,JFK,3797,FLL,3533,,0,320 E90
B6,3029,JFK,3797,GCM,1926,,0,320
B6,3029,JFK,3797,HOU,3566,,0,E90
B6,3029,JFK,3797,IAD,3714,,0,E90
B6,3029,JFK,3797,JAX,3712,,0,320
B6,3029,JFK,3797,JNB,813,,0,346
B6,3029,JFK,3797,KIN,1779,,0,320
B6,3029,JFK,3797,LAS,3877,,0,320
B6,3029,JFK,3797,LAX,3484,,0,320
B6,3029,JFK,3797,LGB,3582,,0,320
B6,3029,JFK,3797,LIR,1881,,0,320
B6,3029,JFK,3797,LRM,1759,,0,320
B6,3029,JFK,3797,MBJ,1780,,0,320
B6,3029,JFK,3797,MCO,3878,,0,320 E90
B6,3029,JFK,3797,MSY,3861,,0,E90 320
B6,3029,JFK,3797,MXP,1524,,0,77W
B6,3029,JFK,3797,NAS,1953,,0,320 E90
B6,3029,JFK,3797,OAK,3453,,0,320
B6,3029,JFK,3797,ORD,3830,,0,320 E90
B6,3029,JFK,3797,PAP,1897,,0,320
B6,3029,JFK,3797,PBI,3722,,0,E90 320
B6,3029,JFK,3797,PDX,3720,,0,320
B6,3029,JFK,3797,PHX,3462,,0,320
B6,3029,JFK,3797,PLS,1754,,0,320
B6,3029,JFK,3797,POP,1761,,0,320
B6,3029,JFK,3797,POS,2902,,0,320
B6,3029,JFK,3797,PSE,2889,,0,320
B6,3029,JFK,3797,PUJ,1760,,0,321 320
B6,3029,JFK,3797,PWM,3862,,0,E90
B6,3029,JFK,3797,RDU,3626,,0,E90
B6,3029,JFK,3797,ROC,3622,,0,E90
B6,3029,JFK,3797,RSW,3793,,0,320
B6,3029,JFK,3797,SAN,3731,,0,320
B6,3029,JFK,3797,SAV,3613,,0,320
B6,3029,JFK,3797,SDQ,1762,,0,321 320
B6,3029,JFK,3797,SEA,3577,,0,320
B6,3029,JFK,3797,SFO,3469,,0,320
B6,3029,JFK,3797,SJC,3748,,0,320
B6,3029,JFK,3797,SJU,2890,,0,320
B6,3029,JFK,3797,SLC,3536,,0,320
B6,3029,JFK,3797,SMF,3817,,0,320
B6,3029,JFK,3797,SRQ,4067,,0,E90
B6,3029,JFK,3797,STI,1764,,0,320 321
B6,3029,JFK,3797,SXM,2899,,0,320
B6,3029,JFK,3797,SYR,3745,,0,E90
B6,3029,JFK,3797,TPA,3646,,0,320 E90
B6,3029,JFK,3797,UVF,2894,,0,320
B6,3029,LAX,3484,BOS,3448,,0,320
B6,3029,LAX,3484,DXB,2188,,0,388
B6,3029,LAX,3484,FLL,3533,,0,320
B6,3029,LAX,3484,JFK,3797,,0,320
B6,3029,ORD,3830,BOS,3448,,0,320 E90
B6,3029,ORD,3830,JFK,3797,,0,E90 320
B6,3029,ORD,3830,SJU,2890,,0,320
BA,1355,JFK,3797,BCN,1218,Y,0,763
BA,1355,JFK,3797,CDG,1382,Y,0,763 757
BA,1355,JFK,3797,DUB,599,Y,0,757
BA,1355,JFK,3797,FCO,1555,Y,0,763
BA,1355,JFK,3797,HEL,421,Y,0,333
BA,1355,JFK,3797,LCY,503,Y,0,318
BA,1355,JFK,3797,LHR,507,,0,777 744
BA,1355,JFK,3797,MAD,1229,Y,0,333 757 346
BA,1355,JFK,3797,MAN,478,Y,0,757
BA,1355,JFK,3797,MXP,1524,Y,0,763
BA,1355,JFK,3797,ORY,1386,Y,0,752
BA,1355,LAX,3484,LHR,507,,0,744 388
BA,1355,LAX,3484,MAD,1229,Y,0,346 343
BA,1355,ORD,3830,ATL,3682,Y,0,E75 CR7 74N
BA,1355,ORD,3830,CDG,1382,Y,0,763
BA,1355,ORD,3830,DUB,599,Y,0,763
BA,1355,ORD,3830,DUS,345,Y,0,763
BA,1355,ORD,3830,FCO,1555,Y,0,763
BA,1355,ORD,3830,LHR,507,,0,744 777
BA,1355,ORD,3830,MAD,1229,Y,0,333
BA,1355,ORD,3830,MAN,478,Y,0,763
BA,1355,ORD,3830,MSY,3861,Y,0,E75
BR,2091,JFK,3797,TPE,2276,,0,77W
BR,2091,LAX,3484,TPE,2276,,0,77W
BW,1663,JFK,3797,GEO,4304,,0,767
BW,1663,JFK,3797,GND,2882,,0,738
BW,1663,JFK,3797,KIN,1779,,0,738
BW,1663,JFK,3797,MBJ,1780,,0,738
BW,1663,JFK,3797,POS,2902,,0,738
BW,1663,JFK,3797,TAB,2901,,0,738
CA,751,JFK,3797,PEK,3364,,0,773
CA,751,LAX,3484,PEK,3364,,0,773
CA,751,LAX,3484,PVG,3406,Y,0,788
CA,751,ORD,3830,PEK,3364,Y,0,777
CA,751,ORD,3830,PVG,3406,Y,0,744
CI,1756,JFK,3797,KIX,3992,,0,744
CI,1756,LAX,3484,ATL,3682,Y,0,757 73H 76W
CI,1756,LAX,3484,GUA,1767,Y,0,757
CI,1756,LAX,3484,MSY,3861,Y,0,319
CI,1756,LAX,3484,TPE,2276,,0,744
CM,1889,JFK,3797,PTY,1871,,0,738
CM,1889,LAX,3484,PTY,1871,,0,738
CM,1889,ORD,3830,PTY,1871,,0,738
CX,1680,JFK,3797,HKG,3077,,0,77W
CX,1680,JFK,3797,YVR,156,,0,77W
CX,1680,LAX,3484,HKG,3077,,0,77W
CX,1680,ORD,3830,ATL,3682,Y,0,CR7
CX,1680,ORD,3830,HKG,3077,,0,77W
CZ,1767,LAX,3484,CAN,3370,,0,380
DL,2009,JFK,3797,ACC,248,,0,76W
DL,2009,JFK,3797,AMS,580,,0,76W
DL,2009,JFK,3797,ATL,3682,,0,752 757 319 738 M88 
DL,2009,JFK,3797,AUA,2895,,0,73H
DL,2009,JFK,3797,AUS,3673,,0,319
DL,2009,JFK,3797,BCN,1218,,0,333
DL,2009,JFK,3797,BDA,4069,,0,73H
DL,2009,JFK,3797,BNA,3690,,0,CR9
DL,2009,JFK,3797,BOG,2709,,0,73W
DL,2009,JFK,3797,BOS,3448,,0,CR9 752 CR7
DL,2009,JFK,3797,BRU,302,,0,76W
DL,2009,JFK,3797,BUF,3820,,0,CR7 CR9
DL,2009,JFK,3797,BWI,3849,,0,ERJ
DL,2009,JFK,3797,CDG,1382,,0,332 772 388 343
DL,2009,JFK,3797,CHS,3806,,0,ERJ CRJ
DL,2009,JFK,3797,CLE,3486,,0,CRJ ERJ
DL,2009,JFK,3797,CLT,3876,,0,ERJ
DL,2009,JFK,3797,CMH,3759,,0,ERJ CRJ
DL,2009,JFK,3797,CUN,1852,,0,738
DL,2009,JFK,3797,CVG,3488,,0,CR9 CR7
DL,2009,JFK,3797,DCA,3520,,0,CR9
DL,2009,JFK,3797,DEN,3751,,0,73H
DL,2009,JFK,3797,DFW,3670,,0,CR9
DL,2009,JFK,3797,DKR,1084,,0,752
DL,2009,JFK,3797,DTW,3645,,0,M88 CR9 73H 319
DL,2009,JFK,3797,DUB,599,,0,752
DL,2009,JFK,3797,FCO,1555,,0,772 333 330
DL,2009,JFK,3797,FLL,3533,,0,752 M88 73H 738
DL,2009,JFK,3797,FRA,340,,0,76W
DL,2009,JFK,3797,GND,2882,,0,73H
DL,2009,JFK,3797,GRU,2564,,0,764
DL,2009,JFK,3797,GUA,1767,,0,752
DL,2009,JFK,3797,IAD,3714,,0,CR7 ERJ CRJ
DL,2009,JFK,3797,ICN,3930,,0,77W 388
DL,2009,JFK,3797,IND,3585,,0,CR9
DL,2009,JFK,3797,JAX,3712,,0,CR9
DL,2009,JFK,3797,LAS,3877,,0,73H 738 757
DL,2009,JFK,3797,LAX,3484,,0,76W 752
DL,2009,JFK,3797,LHR,507,,0,764 76W
DL,2009,JFK,3797,LIR,1881,,0,73H
DL,2009,JFK,3797,MAD,1229,,0,764
DL,2009,JFK,3797,MBJ,1780,,0,73H
DL,2009,JFK,3797,MCO,3878,,0,752 73H M88 738
DL,2009,JFK,3797,MEX,1824,,0,738 757 787
DL,2009,JFK,3797,MIA,3576,,0,73H M88 738 319
DL,2009,JFK,3797,MSP,3858,,0,CR9 319 M88
DL,2009,JFK,3797,MSY,3861,Y,0,CR9
DL,2009,JFK,3797,MXP,1524,,0,764 330
DL,2009,JFK,3797,NAS,1953,,0,M88
DL,2009,JFK,3797,NCE,1354,,0,764
DL,2009,JFK,3797,NRT,2279,,0,744
DL,2009,JFK,3797,ORD,3830,,0,CR9
DL,2009,JFK,3797,ORF,3611,,0,ERJ
DL,2009,JFK,3797,PAP,1897,,0,738
DL,2009,JFK,3797,PDX,3720,,0,752 73H
DL,2009,JFK,3797,PHL,3752,,0,ERJ CRJ 752
DL,2009,JFK,3797,PHX,3462,,0,738 73H
DL,2009,JFK,3797,PIT,3570,,0,CR9 752 ERJ
DL,2009,JFK,3797,PLS,1754,,0,73H
DL,2009,JFK,3797,PUJ,1760,,0,73H
DL,2009,JFK,3797,PVG,3406,,0,346
DL,2009,JFK,3797,RDU,3626,,0,CR7 CR9
DL,2009,JFK,3797,RIC,3608,,0,ERJ CR9
DL,2009,JFK,3797,ROC,3622,,0,CRJ ERJ CR9
DL,2009,JFK,3797,SAN,3731,,0,757 73H
DL,2009,JFK,3797,SAT,3621,,0,73H
DL,2009,JFK,3797,SAV,3613,,0,CR9 CR7
DL,2009,JFK,3797,SDF,4014,,0,CRJ ERJ
DL,2009,JFK,3797,SDQ,1762,,0,73H
DL,2009,JFK,3797,SEA,3577,,0,752 757
DL,2009,JFK,3797,SFO,3469,,0,752
DL,2009,JFK,3797,SJO,1885,,0,757
DL,2009,JFK,3797,SJU,2890,,0,73H 752 757
DL,2009,JFK,3797,SLC,3536,,0,757 73H 738 739 752
DL,2009,JFK,3797,STI,1764,,0,73H
DL,2009,JFK,3797,STL,3678,,0,CR7 CR9
DL,2009,JFK,3797,STT,2883,,0,757
DL,2009,JFK,3797,SVO,2985,,0,333 76W 77W
DL,2009,JFK,3797,SXM,2899,,0,752
DL,2009,JFK,3797,SYR,3745,,0,ERJ
DL,2009,JFK,3797,TLV,1590,,0,744
DL,2009,JFK,3797,TPA,3646,,0,M88 738 73H
DL,2009,JFK,3797,VCE,1551,,0,764
DL,2009,JFK,3797,YUL,146,,0,ERJ CRJ
DL,2009,JFK,3797,YYC,178,Y,0,736
DL,2009,JFK,3797,YYZ,193,,0,CRJ CR7 ERJ
DL,2009,LAX,3484,AMS,580,Y,0,74M 747
DL,2009,LAX,3484,ATL,3682,,0,763 757 73H 76W
DL,2009,LAX,3484,BJX,1815,Y,0,CR9
DL,2009,LAX,3484,BNA,3690,,0,738 73H
DL,2009,LAX,3484,BNE,3320,Y,0,77W
DL,2009,LAX,3484,BOS,3448,,0,73H
DL,2009,LAX,3484,BZE,1957,,0,320
DL,2009,LAX,3484,CAN,3370,Y,0,380
DL,2009,LAX,3484,CDG,1382,Y,0,388 772
DL,2009,LAX,3484,CMH,3759,,0,738
DL,2009,LAX,3484,CUN,1852,,0,320
DL,2009,LAX,3484,CVG,3488,,0,320
DL,2009,LAX,3484,DCA,3520,Y,0,73H
DL,2009,LAX,3484,DTW,3645,,0,739 763 753
DL,2009,LAX,3484,FCO,1555,Y,0,772
DL,2009,LAX,3484,GDL,1804,,0,738
DL,2009,LAX,3484,GEG,3467,Y,0,CR9
DL,2009,LAX,3484,GUA,1767,,0,757
DL,2009,LAX,3484,HMO,1807,,0,ER4
DL,2009,LAX,3484,HND,2359,,0,76W
DL,2009,LAX,3484,HNL,3728,,0,76W 757 753
DL,2009,LAX,3484,ICN,3930,Y,0,388 77W
DL,2009,LAX,3484,IND,3585,,0,320
DL,2009,LAX,3484,JFK,3797,,0,76W 752
DL,2009,LAX,3484,KOA,3514,,0,757
DL,2009,LAX,3484,LAS,3877,,0,319
DL,2009,LAX,3484,LHR,507,Y,0,346 343 744
DL,2009,LAX,3484,LIH,3602,,0,757
DL,2009,LAX,3484,LIR,1881,,0,738
DL,2009,LAX,3484,MCI,3458,Y,0,E75
DL,2009,LAX,3484,MCO,3878,,0,738 757 739 73H
DL,2009,LAX,3484,MEL,3339,Y,0,77W
DL,2009,LAX,3484,MEM,3473,,0,320
DL,2009,LAX,3484,MEX,1824,,0,737
DL,2009,LAX,3484,MIA,3576,,0,738
DL,2009,LAX,3484,MSP,3858,,0,757 753 739 763 738
DL,2009,LAX,3484,MSY,3861,,0,319
DL,2009,LAX,3484,NRT,2279,,0,744
DL,2009,LAX,3484,OAK,3453,Y,0,CR7
DL,2009,LAX,3484,OGG,3456,,0,757
DL,2009,LAX,3484,PDX,3720,Y,0,CR7 CR9
DL,2009,LAX,3484,PHX,3462,Y,0,CR7 CR9
DL,2009,LAX,3484,PPT,4075,Y,0,772
DL,2009,LAX,3484,PVG,3406,Y,0,346
DL,2009,LAX,3484,PVR,1836,,0,320 73H
DL,2009,LAX,3484,RDU,3626,,0,738
DL,2009,LAX,3484,SAN,3731,Y,0,CR9 CR7
DL,2009,LAX,3484,SEA,3577,,0,73H
DL,2009,LAX,3484,SFO,3469,Y,0,E75
DL,2009,LAX,3484,SJC,3748,Y,0,CR9 CR7
DL,2009,LAX,3484,SJO,1885,,0,757
DL,2009,LAX,3484,SLC,3536,,0,757 73H 320 739
DL,2009,LAX,3484,SMF,3817,Y,0,CR7 CR9
DL,2009,LAX,3484,SVO,2985,,0,332
DL,2009,LAX,3484,SYD,3361,,0,77L
DL,2009,LAX,3484,TPA,3646,,0,320
DL,2009,LAX,3484,TPE,2276,Y,0,744
DL,2009,LAX,3484,YEG,49,Y,0,73H
DL,2009,LAX,3484,YYC,178,Y,0,73W
DL,2009,ORD,3830,AMS,580,Y,0,74M
DL,2009,ORD,3830,ATL,3682,,0,717 M88 319
DL,2009,ORD,3830,CDG,1382,,0,332
DL,2009,ORD,3830,CVG,3488,,0,ERJ
DL,2009,ORD,3830,DTW,3645,,0,717
DL,2009,ORD,3830,FCO,1555,,0,332 330
DL,2009,ORD,3830,GDL,1804,,0,737
DL,2009,ORD,3830,ICN,3930,Y,0,772 77W
DL,2009,ORD,3830,JFK,3797,Y,0,CR9
DL,2009,ORD,3830,LGA,3697,Y,0,E75 E70
DL,2009,ORD,3830,LHR,507,Y,0,343
DL,2009,ORD,3830,MEM,3473,Y,0,CR9 CRJ
DL,2009,ORD,3830,MEX,1824,,0,737
DL,2009,ORD,3830,MSP,3858,,0,M88 M90 320 319
DL,2009,ORD,3830,SLC,3536,Y,0,E75 CR9
DL,2009,ORD,3830,YVR,156,Y,0,73W
DL,2009,ORD,3830,YYC,178,Y,0,73W
DY,3737,JFK,3797,ARN,737,Y,0,788
DY,3737,JFK,3797,BGO,636,Y,0,788
DY,3737,JFK,3797,CPH,609,Y,0,788
DY,3737,JFK,3797,OSL,644,Y,0,788
DY,3737,LAX,3484,ARN,737,Y,0,788
DY,3737,LAX,3484,CPH,609,Y,0,788
EI,837,JFK,3797,DUB,599,,0,330
EI,837,JFK,3797,SNN,603,,0,757
EI,837,ORD,3830,ATL,3682,Y,0,CR7 E70
EI,837,ORD,3830,DUB,599,,0,330 332
EI,837,ORD,3830,MSY,3861,Y,0,ERJ
EK,2183,JFK,3797,DXB,2188,,0,388
EK,2183,JFK,3797,MXP,1524,,0,77W
EK,2183,LAX,3484,DXB,2188,,0,388
ET,2220,JFK,3797,FRA,340,Y,0,744
EY,2222,JFK,3797,AUH,2179,,0,77W
EY,2222,JFK,3797,CDG,1382,Y,0,763 757
EY,2222,JFK,3797,LAS,3877,Y,0,738
EY,2222,JFK,3797,MSY,3861,Y,0,E90 320
EY,2222,ORD,3830,ATL,3682,Y,0,E75
EY,2222,ORD,3830,AUH,2179,,0,77W
EY,2222,ORD,3830,MSY,3861,Y,0,E75
EY,2222,ORD,3830,YUL,146,Y,0,CRJ
EY,2222,ORD,3830,YYZ,193,Y,0,EMJ
F9,2468,LAX,3484,DEN,3751,,0,320 319
F9,2468,LAX,3484,IGM,6132,Y,0,BE1
F9,2468,ORD,3830,MBJ,1780,,0,320
F9,2468,ORD,3830,PUJ,1760,,0,320
F9,2468,ORD,3830,PVR,1836,,0,320
F9,2468,ORD,3830,SJD,1840,,0,320
FI,2835,JFK,3797,KEF,16,,0,75T
FJ,879,LAX,3484,NAN,1960,,0,332
FL,1316,LAX,3484,ATL,3682,,0,73G
FL,1316,LAX,3484,DEN,3751,Y,0,73W
FL,1316,LAX,3484,HOU,3566,Y,0,73W
FL,1316,LAX,3484,LAS,3877,Y,0,73W
FL,1316,LAX,3484,MDW,3747,Y,0,73H 738
FL,1316,LAX,3484,MKE,3717,Y,0,73W
FL,1316,LAX,3484,OAK,3453,,0,73W
FL,1316,LAX,3484,PWM,3862,Y,0,73W
FL,1316,LAX,3484,RNO,3807,Y,0,73W
G3,1790,JFK,3797,GRU,2564,,0,764
G4,35,LAX,3484,BLI,3777,,0,M80
G4,35,LAX,3484,EUG,4099,,0,M80
G4,35,LAX,3484,HNL,3728,,0,757
G4,35,LAX,3484,MFR,4101,,0,M80
G4,35,LAX,3484,PVU,7579,,0,319
HA,2688,JFK,3797,HNL,3728,,0,332
HA,2688,JFK,3797,LAS,3877,Y,0,320
HA,2688,LAX,3484,HNL,3728,,0,332
HA,2688,LAX,3484,OGG,3456,,0,763
HU,2660,LAX,3484,PVG,3406,Y,0,777
HU,2660,ORD,3830,PEK,3364,,0,787
HU,2660,ORD,3830,PVG,3406,Y,0,777
HY,5281,JFK,3797,RIX,3953,,0,763 764
IB,2822,JFK,3797,BCN,1218,Y,0,763
IB,2822,JFK,3797,CDG,1382,Y,0,763 757
IB,2822,JFK,3797,FCO,1555,Y,0,763
IB,2822,JFK,3797,HEL,421,Y,0,330
IB,2822,JFK,3797,LCY,503,Y,0,318
IB,2822,JFK,3797,LHR,507,Y,0,744 77W 777
IB,2822,JFK,3797,MAD,1229,,0,333 346
IB,2822,JFK,3797,MAN,478,Y,0,757
IB,2822,JFK,3797,MXP,1524,Y,0,763
IB,2822,JFK,3797,ORY,1386,Y,0,752
IB,2822,LAX,3484,LHR,507,Y,0,744 77W 388
IB,2822,LAX,3484,MAD,1229,,0,346 342
IB,2822,ORD,3830,ATL,3682,Y,0,CR7
IB,2822,ORD,3830,CDG,1382,Y,0,763
IB,2822,ORD,3830,DUB,599,Y,0,763
IB,2822,ORD,3830,DUS,345,Y,0,763
IB,2822,ORD,3830,FCO,1555,Y,0,763
IB,2822,ORD,3830,LHR,507,Y,0,763 777 744
IB,2822,ORD,3830,MAD,1229,,0,333
IB,2822,ORD,3830,MAN,478,Y,0,763
IB,2822,ORD,3830,MSY,3861,Y,0,E75
JJ,4867,JFK,3797,GIG,2560,,0,763
JJ,4867,JFK,3797,GRU,2564,,0,773 77W 777
JJ,4867,JFK,3797,LIM,2789,Y,0,763
JJ,4867,LAX,3484,LIM,2789,Y,0,763
JL,2987,JFK,3797,MSY,3861,Y,0,E90
JL,2987,JFK,3797,NRT,2279,,0,788 773
JL,2987,LAX,3484,LIM,2789,Y,0,763
JL,2987,LAX,3484,NRT,2279,,0,773
JL,2987,ORD,3830,ATL,3682,Y,0,E75
JL,2987,ORD,3830,MSY,3861,Y,0,E75
JL,2987,ORD,3830,NRT,2279,,0,773
KE,3163,JFK,3797,ICN,3930,,0,77W 388
KE,3163,LAX,3484,GRU,2564,,0,77W
KE,3163,LAX,3484,ICN,3930,,0,388 77W
KE,3163,LAX,3484,LIM,2789,Y,0,763
KE,3163,ORD,3830,ICN,3930,,0,772 77W
KL,3090,JFK,3797,AMS,580,,0,330 777 74M 747
KL,3090,JFK,3797,ATL,3682,Y,0,319 738 752 M88
KL,3090,JFK,3797,BCN,1218,Y,0,330
KL,3090,JFK,3797,BRU,302,Y,0,76W
KL,3090,JFK,3797,DUB,599,Y,0,757
KL,3090,JFK,3797,FRA,340,Y,0,76W
KL,3090,JFK,3797,LHR,507,Y,0,767 76W
KL,3090,JFK,3797,MAD,1229,Y,0,767
KL,3090,JFK,3797,MSY,3861,Y,0,CR9
KL,3090,LAX,3484,AMS,580,,0,74M 747
KL,3090,LAX,3484,ATL,3682,Y,0,757
KL,3090,LAX,3484,KOA,3514,Y,0,757
KL,3090,LAX,3484,MSP,3858,Y,0,757 753
KL,3090,LAX,3484,MSY,3861,Y,0,319
KL,3090,LAX,3484,OGG,3456,Y,0,757
KL,3090,ORD,3830,AMS,580,,0,74M
KL,3090,ORD,3830,ATL,3682,Y,0,717 M88 319
KU,3179,JFK,3797,KWI,2176,,0,777
KU,3179,JFK,3797,LHR,507,,0,777
KX,1682,JFK,3797,GCM,1926,,0,733
KX,1682,ORD,3830,GCM,1926,,0,733
LA,3200,JFK,3797,LIM,2789,,0,763
LA,3200,JFK,3797,SCL,2650,,0,787
LA,3200,LAX,3484,LIM,2789,,0,763
LH,3320,JFK,3797,BRU,302,Y,0,333
LH,3320,JFK,3797,FRA,340,,0,388 744
LH,3320,JFK,3797,MSY,3861,Y,0,E90
LH,3320,JFK,3797,MUC,346,,0,333
LH,3320,LAX,3484,FRA,340,,0,74H
LH,3320,LAX,3484,LHR,507,Y,0,777
LH,3320,LAX,3484,MUC,346,,0,346
LH,3320,ORD,3830,AMS,580,Y,0,763
LH,3320,ORD,3830,ATL,3682,Y,0,CR7 E70
LH,3320,ORD,3830,CDG,1382,Y,0,763
LH,3320,ORD,3830,DUS,345,,0,343
LH,3320,ORD,3830,FRA,340,,0,74H 744
LH,3320,ORD,3830,LHR,507,Y,0,763
LH,3320,ORD,3830,MUC,346,,0,346
LO,3210,JFK,3797,WAW,679,,0,788
LO,3210,ORD,3830,WAW,679,,0,788
LX,4559,JFK,3797,GVA,1665,,0,333
LX,4559,JFK,3797,ZRH,1678,,0,333
LX,4559,LAX,3484,ZRH,1678,,0,343
LX,4559,ORD,3830,ZRH,1678,,0,333
LY,2150,JFK,3797,TLV,1590,,0,744
LY,2150,LAX,3484,TLV,1590,,0,772
MH,3378,JFK,3797,LHR,507,,0,777
MH,3378,LAX,3484,NRT,2279,,0,773
MH,3378,ORD,3830,ATL,3682,Y,0,E75 CR7
MH,3378,ORD,3830,CDG,1382,,0,763
MH,3378,ORD,3830,NRT,2279,,0,777
MS,2143,JFK,3797,CAI,1128,,0,773
MU,1758,JFK,3797,PVG,3406,,0,346
MU,1758,LAX,3484,PVG,3406,,0,346
NH,324,JFK,3797,NRT,2279,,0,77W
NH,324,LAX,3484,HND,2359,,0,777
NH,324,LAX,3484,NRT,2279,,0,77W
NH,324,ORD,3830,ATL,3682,Y,0,CR7
NH,324,ORD,3830,MSY,3861,Y,0,320 ERJ 319
NH,324,ORD,3830,NRT,2279,,0,77W 777
NK,4687,LAX,3484,DFW,3670,,0,319
NK,4687,LAX,3484,DTW,3645,,0,320
NK,4687,LAX,3484,FLL,3533,,0,319
NK,4687,LAX,3484,IAH,3550,,0,320
NK,4687,LAX,3484,LAS,3877,,0,319
NK,4687,LAX,3484,MSP,3858,,0,319
NK,4687,LAX,3484,ORD,3830,,0,319
NK,4687,ORD,3830,ACY,3524,,0,319
NK,4687,ORD,3830,BOS,3448,,0,319
NK,4687,ORD,3830,DEN,3751,,0,320
NK,4687,ORD,3830,DFW,3670,,0,320
NK,4687,ORD,3830,FLL,3533,,0,319 320
NK,4687,ORD,3830,IAH,3550,,0,319
NK,4687,ORD,3830,LAS,3877,,0,320 319
NK,4687,ORD,3830,LAX,3484,,0,319
NK,4687,ORD,3830,LGA,3697,,0,320
NK,4687,ORD,3830,MCO,3878,,0,320
NK,4687,ORD,3830,MSP,3858,,0,319 320
NK,4687,ORD,3830,MYR,3515,,0,320
NK,4687,ORD,3830,OAK,3453,,0,319
NK,4687,ORD,3830,RSW,3793,,0,319
NK,4687,ORD,3830,TPA,3646,,0,319
NZ,345,LAX,3484,AKL,2006,,0,773 772
NZ,345,LAX,3484,BJX,1815,Y,0,319
NZ,345,LAX,3484,GDL,1804,Y,0,319
NZ,345,LAX,3484,LHR,507,,0,773
NZ,345,LAX,3484,MEX,1824,Y,0,320
NZ,345,LAX,3484,MSY,3861,Y,0,320 319 738
NZ,345,LAX,3484,NAN,1960,Y,0,332
NZ,345,LAX,3484,PPT,4075,Y,0,343
NZ,345,LAX,3484,RAR,1959,,0,763
NZ,345,LAX,3484,SYD,3361,Y,0,777
OJ,3826,JFK,3797,KIN,1779,,0,752
OS,491,JFK,3797,VIE,1613,Y,0,772
OS,491,ORD,3830,VIE,1613,Y,0,763
OZ,28,JFK,3797,ICN,3930,,0,77W
OZ,28,LAX,3484,ICN,3930,,0,77L 744
OZ,28,LAX,3484,MSY,3861,Y,0,320 319 738
OZ,28,ORD,3830,ATL,3682,Y,0,E70 CR7
OZ,28,ORD,3830,ICN,3930,,0,772
PK,3871,JFK,3797,LHE,2207,,0,777
PR,3952,LAX,3484,MNL,2397,,0,343 744
PS,5282,JFK,3797,KBP,2939,,0,767
QF,4089,JFK,3797,LAX,3484,,0,744
QF,4089,LAX,3484,BNE,3320,,0,744
QF,4089,LAX,3484,JFK,3797,,0,744
QF,4089,LAX,3484,MEL,3339,,0,388
QF,4089,LAX,3484,NAN,1960,Y,0,332
QF,4089,LAX,3484,PPT,4075,,0,343
QF,4089,LAX,3484,SYD,3361,,0,388 744
QF,4089,ORD,3830,ATL,3682,Y,0,E75 CR7
QF,4089,ORD,3830,MSY,3861,Y,0,E75
QR,4091,JFK,3797,BCN,1218,Y,0,763
QR,4091,JFK,3797,CDG,1382,Y,0,757
QR,4091,JFK,3797,DOH,11051,,0,77W
QR,4091,JFK,3797,LAS,3877,Y,0,738
QR,4091,JFK,3797,MSY,3861,Y,0,E90
QR,4091,JFK,3797,MXP,1524,Y,0,763
QR,4091,JFK,3797,ORD,3830,Y,0,738
QR,4091,JFK,3797,SAN,3731,Y,0,738
QR,4091,ORD,3830,ATL,3682,Y,0,CR7
QR,4091,ORD,3830,DOH,11051,,0,77W
QR,4091,ORD,3830,JFK,3797,Y,0,738
QR,4091,ORD,3830,MSY,3861,Y,0,E75
RJ,4259,JFK,3797,AMM,2170,,0,340 330
RJ,4259,ORD,3830,AMM,2170,,0,340
SA,4305,JFK,3797,JNB,813,,0,346
SE,5479,JFK,3797,CDG,1382,,0,763 332
SK,4319,ORD,3830,ARN,737,,0,333
SK,4319,ORD,3830,CPH,609,,0,343
SN,1531,JFK,3797,BRU,302,,0,333
SN,1531,ORD,3830,BRU,302,Y,0,777
SQ,4435,JFK,3797,FRA,340,,0,388
SQ,4435,LAX,3484,NRT,2279,,0,388
SQ,4435,LAX,3484,ORD,3830,Y,0,320
SU,130,JFK,3797,ATL,3682,Y,0,752 319 738 757 M88
SU,130,JFK,3797,SVO,2985,,0,333 77W
SU,130,LAX,3484,SVO,2985,,0,332
SV,4533,JFK,3797,JED,2072,,0,777
SV,4533,JFK,3797,RUH,2082,,0,777
SV,4533,LAX,3484,JED,2072,,0,777
SY,4356,JFK,3797,MSP,3858,,0,73G 738
SY,4356,LAX,3484,MSP,3858,,0,73G 738
TG,4940,LAX,3484,ICN,3930,,0,777
TK,4951,JFK,3797,IST,1701,,0,330 77W
TK,4951,LAX,3484,IST,1701,,0,77W
TK,4951,ORD,3830,IST,1701,,0,330
TN,225,LAX,3484,CDG,1382,,0,343
TN,225,LAX,3484,PPT,4075,,0,343
UA,5209,JFK,3797,BOG,2709,Y,0,330
UA,5209,JFK,3797,BRU,302,Y,0,333
UA,5209,JFK,3797,CAI,1128,Y,0,773
UA,5209,JFK,3797,DUB,599,Y,0,330
UA,5209,JFK,3797,FRA,340,Y,0,388 744
UA,5209,JFK,3797,GVA,1665,Y,0,333
UA,5209,JFK,3797,IAD,3714,Y,0,CRJ
UA,5209,JFK,3797,ICN,3930,Y,0,77W
UA,5209,JFK,3797,JNB,813,Y,0,346
UA,5209,JFK,3797,LAX,3484,,0,757
UA,5209,JFK,3797,MUC,346,Y,0,333
UA,5209,JFK,3797,NRT,2279,Y,0,77W
UA,5209,JFK,3797,PEK,3364,Y,0,773
UA,5209,JFK,3797,PTY,1871,Y,0,738
UA,5209,JFK,3797,SAL,1892,Y,0,320
UA,5209,JFK,3797,SFO,3469,,0,757
UA,5209,JFK,3797,VIE,1613,Y,0,772
UA,5209,JFK,3797,ZRH,1678,Y,0,333
UA,5209,LAX,3484,ABQ,4019,Y,0,CR7
UA,5209,LAX,3484,AKL,2006,Y,0,773 772
UA,5209,LAX,3484,ASE,7001,Y,0,CR7
UA,5209,LAX,3484,AUS,3673,Y,0,CR7
UA,5209,LAX,3484,BFL,3558,Y,0,EM2
UA,5209,LAX,3484,BJX,1815,,0,319
UA,5209,LAX,3484,BOI,3495,Y,0,CR7 CRJ
UA,5209,LAX,3484,BOS,3448,,0,752 753 320 739
UA,5209,LAX,3484,BWI,3849,,0,738 319 320 739
UA,5209,LAX,3484,CLD,4088,Y,0,EM2
UA,5209,LAX,3484,CLE,3486,,0,738 320 319 739
UA,5209,LAX,3484,COS,3819,Y,0,CRJ CR7
UA,5209,LAX,3484,CUN,1852,,0,739 738
UA,5209,LAX,3484,DEN,3751,,0,752 739 738 320 753 319
UA,5209,LAX,3484,DFW,3670,Y,0,CR7
UA,5209,LAX,3484,DGO,1801,Y,0,ERJ
UA,5209,LAX,3484,EWR,3494,,0,738 319 752 739 320 753
UA,5209,LAX,3484,FAT,3687,Y,0,EM2 CR7
UA,5209,LAX,3484,FRA,340,Y,0,74H
UA,5209,LAX,3484,GDL,1804,,0,319
UA,5209,LAX,3484,HND,2359,Y,0,777
UA,5209,LAX,3484,HNL,3728,,0,777 738 753 739
UA,5209,LAX,3484,IAD,3714,,0,753 320 752 739 738
UA,5209,LAX,3484,IAH,3550,,0,739 320 738 319 752 753
UA,5209,LAX,3484,ICN,3930,Y,0,77L 744
UA,5209,LAX,3484,ICT,3457,Y,0,CR7
UA,5209,LAX,3484,IGM,6132,Y,0,BE1
UA,5209,LAX,3484,ITO,3415,,0,738
UA,5209,LAX,3484,JFK,3797,,0,757
UA,5209,LAX,3484,KOA,3514,,0,753
UA,5209,LAX,3484,LAS,3877,,0,739 319 738 320 752
UA,5209,LAX,3484,LHR,507,,0,777
UA,5209,LAX,3484,LIH,3602,,0,752
UA,5209,LAX,3484,MCO,3878,,0,739
UA,5209,LAX,3484,MEX,1824,,0,320
UA,5209,LAX,3484,MRY,3948,Y,0,CRJ
UA,5209,LAX,3484,MSP,3858,Y,0,CR7
UA,5209,LAX,3484,MSY,3861,,0,320 319 738
UA,5209,LAX,3484,MUC,346,Y,0,346
UA,5209,LAX,3484,NRT,2279,,0,788
UA,5209,LAX,3484,OGG,3456,,0,753 738
UA,5209,LAX,3484,OKC,3863,Y,0,CR7
UA,5209,LAX,3484,ORD,3830,,0,739 738 752 320 319 753
UA,5209,LAX,3484,PDX,3720,Y,0,CR7 CRJ
UA,5209,LAX,3484,PEK,3364,Y,0,773
UA,5209,LAX,3484,PHX,3462,Y,0,CR7 CRJ
UA,5209,LAX,3484,PIT,3570,,0,319 738
UA,5209,LAX,3484,PSP,3839,Y,0,EM2 CR7 CRJ
UA,5209,LAX,3484,PTY,1871,Y,0,738
UA,5209,LAX,3484,PVG,3406,,0,788
UA,5209,LAX,3484,PVR,1836,,0,738
UA,5209,LAX,3484,RNO,3807,Y,0,CR7
UA,5209,LAX,3484,SAL,1892,Y,0,320 321
UA,5209,LAX,3484,SAN,3731,Y,0,EM2 CR7
UA,5209,LAX,3484,SAT,3621,Y,0,CR7
UA,5209,LAX,3484,SBA,3949,Y,0,EM2
UA,5209,LAX,3484,SBP,5768,Y,0,EM2
UA,5209,LAX,3484,SEA,3577,,0,319 738 320 752
UA,5209,LAX,3484,SFO,3469,,0,739 752 753 319 320 738
UA,5209,LAX,3484,SJC,3748,Y,0,CR7
UA,5209,LAX,3484,SJD,1840,,0,739 320
UA,5209,LAX,3484,SLC,3536,Y,0,CR7 CRJ
UA,5209,LAX,3484,SMF,3817,Y,0,CR7 CRJ
UA,5209,LAX,3484,SMX,5772,Y,0,EM2
UA,5209,LAX,3484,SYD,3361,,0,777
UA,5209,LAX,3484,TUS,3636,Y,0,CRJ CR7
UA,5209,LAX,3484,YLW,87,Y,0,CR7
UA,5209,LAX,3484,YUL,146,Y,0,319
UA,5209,LAX,3484,YUM,3596,Y,0,EM2
UA,5209,LAX,3484,YVR,156,Y,0,CR7
UA,5209,LAX,3484,YYZ,193,Y,0,320 321
UA,5209,LAX,3484,ZRH,1678,Y,0,343
UA,5209,ORD,3830,ABE,4355,Y,0,ERJ ER4
UA,5209,ORD,3830,ABQ,4019,Y,0,CR7 E70
UA,5209,ORD,3830,ACY,3524,Y,0,ERJ
UA,5209,ORD,3830,ALB,3864,,0,319 73G 738 739
UA,5209,ORD,3830,AMS,580,,0,763
UA,5209,ORD,3830,ANC,3774,,0,738
UA,5209,ORD,3830,ATL,3682,Y,0,CR7 E70
UA,5209,ORD,3830,ATW,4047,Y,0,CRJ ERJ CR7
UA,5209,ORD,3830,AUS,3673,,0,319 320
UA,5209,ORD,3830,AVL,4007,Y,0,CRJ
UA,5209,ORD,3830,AVP,4286,Y,0,ERJ
UA,5209,ORD,3830,BDL,3825,,0,73G 738 319
UA,5209,ORD,3830,BHM,3811,Y,0,CRJ ERJ
UA,5209,ORD,3830,BNA,3690,Y,0,ERJ CRJ
UA,5209,ORD,3830,BOI,3495,Y,0,CR7
UA,5209,ORD,3830,BOS,3448,,0,320 752 739 738 73G 319
UA,5209,ORD,3830,BRU,302,,0,777
UA,5209,ORD,3830,BTV,3711,Y,0,ERJ CR7 CRJ
UA,5209,ORD,3830,BUF,3820,,0,738 739 320
UA,5209,ORD,3830,BWI,3849,,0,319 320 739 738
UA,5209,ORD,3830,BZN,4020,Y,0,CR7
UA,5209,ORD,3830,CAE,3561,Y,0,ERJ CRJ
UA,5209,ORD,3830,CAK,4112,Y,0,ERJ
UA,5209,ORD,3830,CDG,1382,,0,763
UA,5209,ORD,3830,CHS,3806,Y,0,CRJ ERJ CR7
UA,5209,ORD,3830,CID,4043,Y,0,ER4 CRJ CR7 ERJ E70
UA,5209,ORD,3830,CLE,3486,,0,73G 738
UA,5209,ORD,3830,CLT,3876,,0,320 319
UA,5209,ORD,3830,CMH,3759,,0,738 319 739
UA,5209,ORD,3830,CMX,5732,Y,0,CRJ
UA,5209,ORD,3830,COS,3819,Y,0,CRJ ERJ CR7
UA,5209,ORD,3830,CRW,4285,Y,0,ERJ
UA,5209,ORD,3830,CUN,1852,,0,739 738
UA,5209,ORD,3830,CVG,3488,Y,0,CR7 ERJ ER4 CRJ
UA,5209,ORD,3830,CWA,4045,Y,0,ERJ
UA,5209,ORD,3830,DAY,3627,Y,0,ER4 ERJ CR7 CRJ
UA,5209,ORD,3830,DCA,3520,,0,320 319 738 73G 752
UA,5209,ORD,3830,DEN,3751,,0,752 738 320 739 73G 753 319
UA,5209,ORD,3830,DFW,3670,,0,73G 738 320
UA,5209,ORD,3830,DLH,3598,Y,0,CRJ
UA,5209,ORD,3830,DSM,3729,,0,319 73G
UA,5209,ORD,3830,DTW,3645,,0,320
UA,5209,ORD,3830,DUB,599,Y,0,330 332
UA,5209,ORD,3830,DUS,345,Y,0,343
UA,5209,ORD,3830,EAU,5735,Y,0,CRJ
UA,5209,ORD,3830,ELM,3946,Y,0,ERJ
UA,5209,ORD,3830,EWR,3494,,0,319 320 73G 763 752 739 738
UA,5209,ORD,3830,FAR,4292,Y,0,CRJ ERJ
UA,5209,ORD,3830,FLL,3533,,0,738 752 320 739
UA,5209,ORD,3830,FOE,3843,Y,0,ERJ
UA,5209,ORD,3830,FRA,340,,0,777 744
UA,5209,ORD,3830,FSD,4009,Y,0,ERJ CRJ CR7
UA,5209,ORD,3830,FWA,4041,Y,0,CRJ
UA,5209,ORD,3830,GRB,3653,Y,0,CRJ ERJ
UA,5209,ORD,3830,GRR,3685,,0,319 320
UA,5209,ORD,3830,GRU,2564,,0,777
UA,5209,ORD,3830,GSO,4008,Y,0,ERJ CR7 CRJ ER4
UA,5209,ORD,3830,GSP,4034,Y,0,ER4 ERJ CRJ
UA,5209,ORD,3830,HKG,3077,,0,777
UA,5209,ORD,3830,HNL,3728,,0,777
UA,5209,ORD,3830,HPN,3589,Y,0,ERJ
UA,5209,ORD,3830,HSV,4113,Y,0,ERJ
UA,5209,ORD,3830,IAD,3714,,0,777 320 752 739 73G 753 319
UA,5209,ORD,3830,IAH,3550,,0,739 738 752 320 73G 319
UA,5209,ORD,3830,ICT,3457,Y,0,ER4 ERJ CR7 CRJ
UA,5209,ORD,3830,IND,3585,Y,0,ERJ CRJ CR7 E70
UA,5209,ORD,3830,JAN,3580,Y,0,ERJ
UA,5209,ORD,3830,JAX,3712,,0,73G 320
UA,5209,ORD,3830,LAN,3544,Y,0,ERJ
UA,5209,ORD,3830,LAS,3877,,0,738 752 320 319 73G 739 753
UA,5209,ORD,3830,LAX,3484,,0,738 753 320 739 752 319
UA,5209,ORD,3830,LEX,4017,Y,0,ERJ CRJ
UA,5209,ORD,3830,LGA,3697,,0,738 320 319 752 73G
UA,5209,ORD,3830,LHR,507,,0,763
UA,5209,ORD,3830,LIT,3660,Y,0,ERJ
UA,5209,ORD,3830,LNK,3543,Y,0,ERJ CRJ
UA,5209,ORD,3830,MBS,4128,Y,0,CRJ
UA,5209,ORD,3830,MCI,3458,,0,73G 738
UA,5209,ORD,3830,MCO,3878,,0,739 752 73G 320 738
UA,5209,ORD,3830,MDT,3542,,0,319 320
UA,5209,ORD,3830,MEM,3473,Y,0,ER4 CRJ ERJ
UA,5209,ORD,3830,MEX,1824,,0,320 319
UA,5209,ORD,3830,MHT,4011,Y,0,CR7 ERJ
UA,5209,ORD,3830,MIA,3576,Y,0,CR7
UA,5209,ORD,3830,MKE,3717,Y,0,CRJ
UA,5209,ORD,3830,MKG,5754,Y,0,CRJ
UA,5209,ORD,3830,MLI,4072,Y,0,ER4 CRJ ERJ CR7
UA,5209,ORD,3830,MOB,3782,Y,0,ERJ
UA,5209,ORD,3830,MSN,3459,Y,0,CRJ CR7 ERJ
UA,5209,ORD,3830,MSP,3858,,0,73G 738 319 320
UA,5209,ORD,3830,MSY,3861,,0,320 319
UA,5209,ORD,3830,MTY,1825,Y,0,CR7
UA,5209,ORD,3830,MUC,346,,0,763 777
UA,5209,ORD,3830,MYR,3515,Y,0,E70
UA,5209,ORD,3830,NAS,1953,Y,0,CR7
UA,5209,ORD,3830,NRT,2279,,0,744
UA,5209,ORD,3830,OGG,3456,,0,777
UA,5209,ORD,3830,OKC,3863,Y,0,E70 ER4 ERJ CR7
UA,5209,ORD,3830,OMA,3454,,0,319 73G 738
UA,5209,ORD,3830,ORF,3611,Y,0,CRJ ER4 ERJ CR7
UA,5209,ORD,3830,PAH,4117,Y,0,CRJ
UA,5209,ORD,3830,PDX,3720,,0,739 738 320 752 319
UA,5209,ORD,3830,PEK,3364,,0,777
UA,5209,ORD,3830,PHL,3752,,0,320 738 739 752 73G
UA,5209,ORD,3830,PHX,3462,,0,752 320 739 738
UA,5209,ORD,3830,PIA,4046,Y,0,ERJ ER4 CRJ
UA,5209,ORD,3830,PIT,3570,,0,738 319 320 739
UA,5209,ORD,3830,PNS,3564,Y,0,ERJ
UA,5209,ORD,3830,PTY,1871,Y,0,738
UA,5209,ORD,3830,PUJ,1760,,0,739 738
UA,5209,ORD,3830,PVD,3641,,0,320
UA,5209,ORD,3830,PVG,3406,,0,744
UA,5209,ORD,3830,PVR,1836,,0,739 320
UA,5209,ORD,3830,PWM,3862,Y,0,CR7 ERJ
UA,5209,ORD,3830,RAP,4087,Y,0,ERJ
UA,5209,ORD,3830,RDU,3626,,0,73G 738
UA,5209,ORD,3830,RIC,3608,,0,319
UA,5209,ORD,3830,ROA,4016,Y,0,ERJ ER4
UA,5209,ORD,3830,ROC,3622,,0,738 320 319
UA,5209,ORD,3830,RSW,3793,,0,738 320
UA,5209,ORD,3830,SAN,3731,,0,73G 320 738 739 319
UA,5209,ORD,3830,SAT,3621,Y,0,CR7 E70
UA,5209,ORD,3830,SAV,3613,Y,0,CR7 ERJ CRJ
UA,5209,ORD,3830,SBN,4359,Y,0,CR7 ERJ CRJ E70
UA,5209,ORD,3830,SCE,4318,Y,0,ERJ
UA,5209,ORD,3830,SDF,4014,Y,0,ERJ CRJ E70
UA,5209,ORD,3830,SEA,3577,,0,320 752 738 739
UA,5209,ORD,3830,SFO,3469,,0,752 739 320 738 753 319 777
UA,5209,ORD,3830,SGF,4348,Y,0,ER4 CRJ
UA,5209,ORD,3830,SJD,1840,,0,320
UA,5209,ORD,3830,SJO,1885,,0,738
UA,5209,ORD,3830,SJU,2890,,0,738 739
UA,5209,ORD,3830,SLC,3536,Y,0,CR7 E70
UA,5209,ORD,3830,SMF,3817,,0,319 739 320
UA,5209,ORD,3830,SNA,3867,,0,73G 752 319
UA,5209,ORD,3830,SPI,4336,Y,0,CRJ
UA,5209,ORD,3830,SRQ,4067,,0,738 319 320
UA,5209,ORD,3830,STC,4271,Y,0,CRJ
UA,5209,ORD,3830,STL,3678,Y,0,CR7 ERJ ER4
UA,5209,ORD,3830,STT,2883,,0,73G
UA,5209,ORD,3830,SXM,2899,,0,73G
UA,5209,ORD,3830,SYR,3745,Y,0,ER4 ERJ CR7 CRJ
UA,5209,ORD,3830,TPA,3646,,0,739 73G 320 738
UA,5209,ORD,3830,TUL,3855,Y,0,ERJ CRJ CR7
UA,5209,ORD,3830,TVC,4023,Y,0,ERJ CRJ
UA,5209,ORD,3830,TYS,3676,Y,0,ERJ
UA,5209,ORD,3830,VIE,1613,Y,0,763
UA,5209,ORD,3830,XNA,4356,Y,0,ERJ CRJ
UA,5209,ORD,3830,YEG,49,Y,0,E70 CR7
UA,5209,ORD,3830,YHZ,73,Y,0,ERJ
UA,5209,ORD,3830,YOW,100,Y,0,ERJ E70
UA,5209,ORD,3830,YQB,111,Y,0,ERJ
UA,5209,ORD,3830,YQR,120,Y,0,CRJ
UA,5209,ORD,3830,YUL,146,Y,0,CR7 E75 ERJ E70 CRJ
UA,5209,ORD,3830,YVR,156,,0,319 320 739 73G 738
UA,5209,ORD,3830,YWG,160,Y,0,ERJ CRJ
UA,5209,ORD,3830,YXE,166,Y,0,ERJ
UA,5209,ORD,3830,YXU,174,Y,0,CRJ
UA,5209,ORD,3830,YYC,178,,0,73G
UA,5209,ORD,3830,YYZ,193,,0,320 73G 319
UA,5209,ORD,3830,ZRH,1678,Y,0,333
UN,5067,JFK,3797,VKO,2988,,0,777
UN,5067,LAX,3484,LHR,507,Y,0,346
UN,5067,LAX,3484,VKO,2988,,0,777
US,5265,JFK,3797,AMM,2170,,0,340 330
US,5265,JFK,3797,ANU,2874,,0,738
US,5265,JFK,3797,AUS,3673,,0,738
US,5265,JFK,3797,BCN,1218,,0,763
US,5265,JFK,3797,BDA,4069,,0,738
US,5265,JFK,3797,BNA,3690,Y,0,ER4
US,5265,JFK,3797,BOG,2709,,0,319
US,5265,JFK,3797,BOS,3448,,0,738
US,5265,JFK,3797,BWI,3849,Y,0,ER4
US,5265,JFK,3797,CDG,1382,,0,763 757
US,5265,JFK,3797,CLE,3486,Y,0,ER4
US,5265,JFK,3797,CLT,3876,,0,321 319
US,5265,JFK,3797,CMH,3759,,0,CR7
US,5265,JFK,3797,CUN,1852,,0,738
US,5265,JFK,3797,CVG,3488,Y,0,ER4
US,5265,JFK,3797,DCA,3520,,0,738
US,5265,JFK,3797,DFW,3670,,0,738 757
US,5265,JFK,3797,DUB,599,,0,757
US,5265,JFK,3797,FCO,1555,,0,763
US,5265,JFK,3797,FRA,340,,0,388
US,5265,JFK,3797,GIG,2560,,0,763
US,5265,JFK,3797,GRU,2564,,0,77W 777
US,5265,JFK,3797,IND,3585,,0,ER4
US,5265,JFK,3797,IST,1701,Y,0,330 77W
US,5265,JFK,3797,JNB,813,,0,346
US,5265,JFK,3797,LAS,3877,,0,738
US,5265,JFK,3797,LAX,3484,,0,32B 762
US,5265,JFK,3797,LHR,507,,0,77W
US,5265,JFK,3797,MAD,1229,,0,757
US,5265,JFK,3797,MAN,478,,0,757
US,5265,JFK,3797,MCO,3878,Y,0,763 757
US,5265,JFK,3797,MDE,2745,,0,319
US,5265,JFK,3797,MIA,3576,,0,757 738
US,5265,JFK,3797,MXP,1524,,0,763
US,5265,JFK,3797,ORD,3830,,0,738
US,5265,JFK,3797,ORF,3611,,0,ER4
US,5265,JFK,3797,PEK,3364,Y,0,773
US,5265,JFK,3797,PHX,3462,,0,321
US,5265,JFK,3797,PIT,3570,,0,ER4
US,5265,JFK,3797,RDU,3626,,0,ERD CR7
US,5265,JFK,3797,SAL,1892,,0,320
US,5265,JFK,3797,SAN,3731,,0,738
US,5265,JFK,3797,SEA,3577,,0,738
US,5265,JFK,3797,SFO,3469,,0,32B 763
US,5265,JFK,3797,SJO,1885,,0,738
US,5265,JFK,3797,SJU,2890,,0,757
US,5265,JFK,3797,STT,2883,,0,757
US,5265,JFK,3797,SXM,2899,,0,757
US,5265,JFK,3797,TPA,3646,Y,0,CR7
US,5265,JFK,3797,YUL,146,,0,ERD
US,5265,JFK,3797,YYZ,193,,0,CR7
US,5265,JFK,3797,ZRH,1678,,0,763
US,5265,LAX,3484,ABQ,4019,Y,0,CRJ CR7
US,5265,LAX,3484,AKL,2006,Y,0,773 772
US,5265,LAX,3484,AUS,3673,,0,M83 738
US,5265,LAX,3484,BDL,3825,,0,738
US,5265,LAX,3484,BNA,3690,,0,738
US,5265,LAX,3484,BOS,3448,,0,757 738
US,5265,LAX,3484,CLT,3876,,0,321
US,5265,LAX,3484,CMH,3759,,0,738
US,5265,LAX,3484,DCA,3520,,0,738
US,5265,LAX,3484,DEN,3751,,0,CR7
US,5265,LAX,3484,DFW,3670,Y,0,738 763 757 M83
US,5265,LAX,3484,ELP,3559,Y,0,CRJ
US,5265,LAX,3484,EUG,4099,Y,0,CRJ
US,5265,LAX,3484,FAT,3687,Y,0,CRJ
US,5265,LAX,3484,GRU,2564,,0,777
US,5265,LAX,3484,GUA,1767,,0,320
US,5265,LAX,3484,HNL,3728,,0,757
US,5265,LAX,3484,IAD,3714,,0,738
US,5265,LAX,3484,IAH,3550,,0,CR7
US,5265,LAX,3484,IND,3585,,0,738
US,5265,LAX,3484,IST,1701,Y,0,77W
US,5265,LAX,3484,JFK,3797,,0,32B 762
US,5265,LAX,3484,KOA,3514,,0,757
US,5265,LAX,3484,LAS,3877,,0,738
US,5265,LAX,3484,LHR,507,,0,77W
US,5265,LAX,3484,LIH,3602,,0,757
US,5265,LAX,3484,MCO,3878,,0,757 738
US,5265,LAX,3484,MIA,3576,,0,757 777 763 738
US,5265,LAX,3484,MRY,3948,Y,0,CRJ
US,5265,LAX,3484,NRT,2279,,0,777 388
US,5265,LAX,3484,OGG,3456,,0,757
US,5265,LAX,3484,OKC,3863,Y,0,CR7
US,5265,LAX,3484,ORD,3830,,0,738
US,5265,LAX,3484,PBI,3722,Y,0,738
US,5265,LAX,3484,PEK,3364,Y,0,773
US,5265,LAX,3484,PHL,3752,,0,321 320
US,5265,LAX,3484,PHX,3462,,0,321 319 320
US,5265,LAX,3484,PIT,3570,,0,738
US,5265,LAX,3484,PVG,3406,,0,777
US,5265,LAX,3484,RAR,1959,Y,0,763
US,5265,LAX,3484,RDM,4103,Y,0,CRJ
US,5265,LAX,3484,RDU,3626,,0,738
US,5265,LAX,3484,RNO,3807,Y,0,CRJ
US,5265,LAX,3484,SAF,3784,Y,0,CRJ
US,5265,LAX,3484,SAL,1892,,0,320 321
US,5265,LAX,3484,SAN,3731,Y,0,CRJ CR7
US,5265,LAX,3484,SFO,3469,,0,738
US,5265,LAX,3484,SJC,3748,,0,CR7
US,5265,LAX,3484,SJD,1840,,0,M83 738
US,5265,LAX,3484,SLC,3536,,0,CR7
US,5265,LAX,3484,SMF,3817,Y,0,CRJ
US,5265,LAX,3484,STL,3678,,0,M83
US,5265,LAX,3484,TPE,2276,,0,77W
US,5265,LAX,3484,TUS,3636,,0,CRJ
US,5265,LAX,3484,XNA,4356,Y,0,CR7
US,5265,LAX,3484,YYZ,193,,0,738
US,5265,ORD,3830,ABQ,4019,Y,0,E75
US,5265,ORD,3830,ALO,5718,,0,ERD
US,5265,ORD,3830,AMM,2170,,0,340
US,5265,ORD,3830,ART,3838,,0,ERD
US,5265,ORD,3830,ATL,3682,Y,0,E75 CR7
US,5265,ORD,3830,AUS,3673,,0,M80 M83
US,5265,ORD,3830,AZO,4039,Y,0,ER4 ERD
US,5265,ORD,3830,BDL,3825,,0,ER4 E75
US,5265,ORD,3830,BMI,4037,Y,0,ER4 ERD
US,5265,ORD,3830,BNA,3690,,0,ER4 CR7
US,5265,ORD,3830,BOS,3448,,0,738
US,5265,ORD,3830,BUF,3820,Y,0,ER4 CR7 E75
US,5265,ORD,3830,BWI,3849,,0,E75
US,5265,ORD,3830,CDG,1382,,0,763
US,5265,ORD,3830,CHA,3578,Y,0,ER4 ERD
US,5265,ORD,3830,CHO,4015,Y,0,CRJ
US,5265,ORD,3830,CID,4043,Y,0,ER4
US,5265,ORD,3830,CLE,3486,,0,ER4 CR7 ERD
US,5265,ORD,3830,CLT,3876,,0,321 320 E90 319
US,5265,ORD,3830,CMH,3759,,0,ER4 ERD
US,5265,ORD,3830,CMI,4049,,0,ER4 ERD
US,5265,ORD,3830,COU,3719,,0,ER4
US,5265,ORD,3830,CUN,1852,,0,738
US,5265,ORD,3830,CVG,3488,,0,ER4
US,5265,ORD,3830,CWA,4045,,0,ERD ER4
US,5265,ORD,3830,DAY,3627,,0,ER4
US,5265,ORD,3830,DBQ,4388,Y,0,ERD ER4
US,5265,ORD,3830,DCA,3520,,0,738 M83
US,5265,ORD,3830,DEN,3751,,0,CR7
US,5265,ORD,3830,DFW,3670,Y,0,M80 M83 738
US,5265,ORD,3830,DSM,3729,,0,ERD ER4
US,5265,ORD,3830,DTW,3645,,0,ERD ER4 E75
US,5265,ORD,3830,DUB,599,,0,763
US,5265,ORD,3830,DUS,345,,0,763
US,5265,ORD,3830,ELP,3559,Y,0,E75
US,5265,ORD,3830,EVV,4018,Y,0,ER4 ERD
US,5265,ORD,3830,EWR,3494,,0,CR7 E75
US,5265,ORD,3830,FAR,4292,Y,0,ER4
US,5265,ORD,3830,FCO,1555,,0,763
US,5265,ORD,3830,FLL,3533,,0,738
US,5265,ORD,3830,FNT,4089,Y,0,ER4 ERD
US,5265,ORD,3830,FSD,4009,,0,ERD
US,5265,ORD,3830,FWA,4041,Y,0,ERD ER4
US,5265,ORD,3830,GRB,3653,Y,0,ER4
US,5265,ORD,3830,GRR,3685,Y,0,ER4 ERD
US,5265,ORD,3830,HPN,3589,Y,0,ERD
US,5265,ORD,3830,HSV,4113,,0,ER4
US,5265,ORD,3830,IAH,3550,,0,CR7
US,5265,ORD,3830,ICT,3457,Y,0,CRJ
US,5265,ORD,3830,IND,3585,Y,0,ER4 ERD E75 CR7
US,5265,ORD,3830,IST,1701,Y,0,330
US,5265,ORD,3830,JAX,3712,,0,ER4 CR7
US,5265,ORD,3830,JFK,3797,,0,738
US,5265,ORD,3830,LAS,3877,,0,738 M83
US,5265,ORD,3830,LAX,3484,,0,738
US,5265,ORD,3830,LEX,4017,Y,0,ERD ER4
US,5265,ORD,3830,LGA,3697,,0,738
US,5265,ORD,3830,LHR,507,,0,763 777
US,5265,ORD,3830,LIT,3660,,0,ER4
US,5265,ORD,3830,LSE,4044,Y,0,ER4 ERD
US,5265,ORD,3830,MAN,478,,0,763
US,5265,ORD,3830,MBJ,1780,,0,738
US,5265,ORD,3830,MCI,3458,,0,CR7 ER4
US,5265,ORD,3830,MCO,3878,,0,738 M83 M80
US,5265,ORD,3830,MDT,3542,Y,0,ERD CR7
US,5265,ORD,3830,MEM,3473,,0,CR7
US,5265,ORD,3830,MEX,1824,,0,738
US,5265,ORD,3830,MHK,4050,Y,0,ERD ER4
US,5265,ORD,3830,MIA,3576,,0,738 763
US,5265,ORD,3830,MKE,3717,Y,0,CRJ
US,5265,ORD,3830,MLI,4072,Y,0,ERD ER4
US,5265,ORD,3830,MQT,3675,Y,0,ER4
US,5265,ORD,3830,MSN,3459,Y,0,ER4 ERD
US,5265,ORD,3830,MSP,3858,,0,E75
US,5265,ORD,3830,MSY,3861,Y,0,E75
US,5265,ORD,3830,NRT,2279,,0,777
US,5265,ORD,3830,OKC,3863,,0,ER4
US,5265,ORD,3830,OMA,3454,,0,CR7
US,5265,ORD,3830,PBI,3722,,0,M83 M80
US,5265,ORD,3830,PDX,3720,,0,738
US,5265,ORD,3830,PEK,3364,,0,777
US,5265,ORD,3830,PHL,3752,,0,320 321 319 E90
US,5265,ORD,3830,PHX,3462,,0,321 738 M83 320 M80
US,5265,ORD,3830,PIA,4046,,0,ERD
US,5265,ORD,3830,PIT,3570,,0,CR7 ER4 E75
US,5265,ORD,3830,PSP,3839,,0,M83
US,5265,ORD,3830,PVG,3406,,0,777
US,5265,ORD,3830,PVR,1836,Y,0,M83
US,5265,ORD,3830,RDU,3626,,0,738 M80 M83
US,5265,ORD,3830,RIC,3608,,0,ERD
US,5265,ORD,3830,RNO,3807,,0,738
US,5265,ORD,3830,ROC,3622,,0,ER4
US,5265,ORD,3830,RST,4048,Y,0,ERD ER4
US,5265,ORD,3830,RSW,3793,,0,M80 738
US,5265,ORD,3830,SAN,3731,,0,738
US,5265,ORD,3830,SAT,3621,Y,0,CR7 E75
US,5265,ORD,3830,SDF,4014,,0,ER4 E75
US,5265,ORD,3830,SEA,3577,,0,738
US,5265,ORD,3830,SFO,3469,,0,738
US,5265,ORD,3830,SGF,4348,Y,0,ERD ER4
US,5265,ORD,3830,SJC,3748,,0,738
US,5265,ORD,3830,SJD,1840,,0,M83 738
US,5265,ORD,3830,SJU,2890,,0,738
US,5265,ORD,3830,SLC,3536,Y,0,E75 CR7
US,5265,ORD,3830,SNA,3867,,0,738
US,5265,ORD,3830,STL,3678,,0,M80 M83 738
US,5265,ORD,3830,SUX,3753,,0,ER4
US,5265,ORD,3830,SYR,3745,,0,ER4 CR7
US,5265,ORD,3830,TOL,4040,,0,ER4
US,5265,ORD,3830,TPA,3646,,0,M83 738 M80
US,5265,ORD,3830,TUL,3855,Y,0,ER4 738
US,5265,ORD,3830,TUS,3636,,0,M83 M80
US,5265,ORD,3830,TVC,4023,Y,0,ERD ER4
US,5265,ORD,3830,TYS,3676,,0,ER4
US,5265,ORD,3830,XNA,4356,,0,ER4 CR7
US,5265,ORD,3830,YKF,79,,0,ER4
US,5265,ORD,3830,YUL,146,,0,CRJ
US,5265,ORD,3830,YYZ,193,,0,ER4 CR7
UX,90,JFK,3797,MAD,1229,,0,332
VA,5360,LAX,3484,ATL,3682,Y,0,763 757 73H 76W
VA,5360,LAX,3484,BNE,3320,,0,77W
VA,5360,LAX,3484,MEL,3339,,0,77W
VA,5360,LAX,3484,MSY,3861,Y,0,319
VA,5360,LAX,3484,SYD,3361,,0,77W
VS,5347,JFK,3797,ATL,3682,Y,0,752 319 738 757 M88
VS,5347,JFK,3797,LHR,507,,0,333 346 744
VS,5347,JFK,3797,MSY,3861,Y,0,CR9
VS,5347,LAX,3484,ATL,3682,Y,0,763 757
VS,5347,LAX,3484,LHR,507,,0,346 343 744
VS,5347,ORD,3830,ATL,3682,Y,0,717 M88 319
VS,5347,ORD,3830,LHR,507,,0,343
VX,5331,JFK,3797,LAS,3877,,0,320
VX,5331,JFK,3797,LAX,3484,,0,320
VX,5331,JFK,3797,SFO,3469,,0,320
VX,5331,LAX,3484,BOS,3448,,0,320 319
VX,5331,LAX,3484,CUN,1852,,0,320
VX,5331,LAX,3484,DFW,3670,,0,319 320
VX,5331,LAX,3484,EWR,3494,,0,320
VX,5331,LAX,3484,FLL,3533,,0,320
VX,5331,LAX,3484,IAD,3714,,0,320 319
VX,5331,LAX,3484,JFK,3797,,0,320
VX,5331,LAX,3484,LAS,3877,,0,320
VX,5331,LAX,3484,MCO,3878,,0,320
VX,5331,LAX,3484,ORD,3830,,0,320
VX,5331,LAX,3484,PHL,3752,,0,319 320
VX,5331,LAX,3484,SEA,3577,,0,319 320
VX,5331,LAX,3484,SFO,3469,,0,320 319
VX,5331,LAX,3484,SJC,3748,,0,320
VX,5331,ORD,3830,LAX,3484,,0,320
VX,5331,ORD,3830,SFO,3469,,0,320
W3,20976,JFK,3797,LOS,273,Y,0,345
WN,4547,LAX,3484,ABQ,4019,,0,73C 73W 733
WN,4547,LAX,3484,ATL,3682,,0,73W
WN,4547,LAX,3484,AUS,3673,,0,733 73W 73C
WN,4547,LAX,3484,BNA,3690,,0,73W
WN,4547,LAX,3484,BWI,3849,,0,73H 73W
WN,4547,LAX,3484,DEN,3751,,0,73W 73C 733
WN,4547,LAX,3484,ELP,3559,,0,73C 733 73W
WN,4547,LAX,3484,HOU,3566,,0,73H 733 73C 73W
WN,4547,LAX,3484,LAS,3877,,0,73W 733 738 73C 73H
WN,4547,LAX,3484,MCI,3458,,0,73W 738 733
WN,4547,LAX,3484,MDW,3747,,0,738 73H 73W
WN,4547,LAX,3484,MKE,3717,,0,73W
WN,4547,LAX,3484,MSY,3861,,0,73W
WN,4547,LAX,3484,OAK,3453,,0,73W 733 73C
WN,4547,LAX,3484,PHX,3462,,0,73C 73W 733 73H
WN,4547,LAX,3484,RNO,3807,,0,73W 73H
WN,4547,LAX,3484,SAT,3621,,0,73W
WN,4547,LAX,3484,SFO,3469,,0,73W 73C 733
WN,4547,LAX,3484,SJC,3748,,0,73W 73C 733 738
WN,4547,LAX,3484,SLC,3536,,0,73C 73H 73W 733
WN,4547,LAX,3484,SMF,3817,,0,733 73C 73W
WN,4547,LAX,3484,STL,3678,,0,73W 733
WN,4547,LAX,3484,TUS,3636,,0,73W 73C 733 73H
WS,5416,JFK,3797,YUL,146,,0,ERJ CRJ
WS,5416,JFK,3797,YYC,178,,0,736
WS,5416,JFK,3797,YYZ,193,,0,CRJ CR7 ERJ
WS,5416,LAX,3484,YEG,49,,0,73H
WS,5416,LAX,3484,YVR,156,,0,73W 73H
WS,5416,LAX,3484,YYC,178,,0,73W
WS,5416,LAX,3484,YYZ,193,Y,0,738
WS,5416,ORD,3830,YUL,146,Y,0,CRJ
WS,5416,ORD,3830,YVR,156,,0,73W
WS,5416,ORD,3830,YYC,178,,0,73W
WS,5416,ORD,3830,YYZ,193,Y,0,CR7 E75 ER4
XL,1034,JFK,3797,GYE,2673,,0,763
Y4,5325,LAX,3484,AGU,1785,,0,320
Y4,5325,LAX,3484,GDL,1804,,0,320 319
Y4,5325,LAX,3484,MEX,1824,,0,320
Y4,5325,LAX,3484,MLM,1821,,0,320
Y4,5325,LAX,3484,UPN,1835,,0,320 319
Y4,5325,LAX,3484,ZCL,1855,,0,320
Y4,5325,ORD,3830,MEX,1824,,0,320
ZK,2607,LAX,3484,IGM,6132,,0,BE1
ZK,2607,LAX,3484,MCE,7122,,0,BE1
ZK,2607,LAX,3484,PRC,3446,,0,BE1
ZK,2607,LAX,3484,VIS,7121,,0,BE1
